{"cameraMode":{"drawMode":0,"name":"Shaded","section":"Shading Mode"},"sceneLighting":true,"audioPlay":false,"sceneViewState":{"m_AlwaysRefresh":false,"showFog":true,"showSkybox":true,"showFlares":true,"showImageEffects":true,"showParticleSystems":true,"showVisualEffectGraphs":true,"m_FxEnabled":true},"in2DMode":false,"pivot":{"x":-16.952163696289064,"y":-33.67755126953125,"z":57.262062072753909},"rotation":{"x":0.3654944598674774,"y":-0.07944297790527344,"z":0.03132344409823418,"w":0.9268926382064819},"size":127.8691635131836,"orthographic":true}